Zipcode,Year,Crime rate per 1000
85001,2018,57.67
85001,2019,56.76
85001,2020,51.71
85001,2021,56.86
85001,2022,53.64
85001,2023,48.42
85002,2018,57.67
85002,2019,56.76
85002,2020,51.71
85002,2021,56.86
85002,2022,53.64
85002,2023,48.42
85003,2018,57.67
85003,2019,56.76
85003,2020,51.71
85003,2021,56.86
85003,2022,53.64
85003,2023,48.42
85004,2018,57.67
85004,2019,56.76
85004,2020,51.71
85004,2021,56.86
85004,2022,53.64
85004,2023,48.42
85005,2018,57.67
85005,2019,56.76
85005,2020,51.71
85005,2021,56.86
85005,2022,53.64
85005,2023,48.42
85006,2018,57.67
85006,2019,56.76
85006,2020,51.71
85006,2021,56.86
85006,2022,53.64
85006,2023,48.42
85007,2018,57.67
85007,2019,56.76
85007,2020,51.71
85007,2021,56.86
85007,2022,53.64
85007,2023,48.42
85008,2018,57.67
85008,2019,56.76
85008,2020,51.71
85008,2021,56.86
85008,2022,53.64
85008,2023,48.42
85009,2018,57.67
85009,2019,56.76
85009,2020,51.71
85009,2021,56.86
85009,2022,53.64
85009,2023,48.42
85010,2018,57.67
85010,2019,56.76
85010,2020,51.71
85010,2021,56.86
85010,2022,53.64
85010,2023,48.42
85011,2018,57.67
85011,2019,56.76
85011,2020,51.71
85011,2021,56.86
85011,2022,53.64
85011,2023,48.42
85012,2018,57.67
85012,2019,56.76
85012,2020,51.71
85012,2021,56.86
85012,2022,53.64
85012,2023,48.42
85013,2018,57.67
85013,2019,56.76
85013,2020,51.71
85013,2021,56.86
85013,2022,53.64
85013,2023,48.42
85014,2018,57.67
85014,2019,56.76
85014,2020,51.71
85014,2021,56.86
85014,2022,53.64
85014,2023,48.42
85015,2018,57.67
85015,2019,56.76
85015,2020,51.71
85015,2021,56.86
85015,2022,53.64
85015,2023,48.42
85016,2018,57.67
85016,2019,56.76
85016,2020,51.71
85016,2021,56.86
85016,2022,53.64
85016,2023,48.42
85017,2018,57.67
85017,2019,56.76
85017,2020,51.71
85017,2021,56.86
85017,2022,53.64
85017,2023,48.42
85018,2018,57.67
85018,2019,56.76
85018,2020,51.71
85018,2021,56.86
85018,2022,53.64
85018,2023,48.42
85019,2018,57.67
85019,2019,56.76
85019,2020,51.71
85019,2021,56.86
85019,2022,53.64
85019,2023,48.42
85020,2018,57.67
85020,2019,56.76
85020,2020,51.71
85020,2021,56.86
85020,2022,53.64
85020,2023,48.42
85021,2018,57.67
85021,2019,56.76
85021,2020,51.71
85021,2021,56.86
85021,2022,53.64
85021,2023,48.42
85022,2018,57.67
85022,2019,56.76
85022,2020,51.71
85022,2021,56.86
85022,2022,53.64
85022,2023,48.42
85023,2018,57.67
85023,2019,56.76
85023,2020,51.71
85023,2021,56.86
85023,2022,53.64
85023,2023,48.42
85024,2018,57.67
85024,2019,56.76
85024,2020,51.71
85024,2021,56.86
85024,2022,53.64
85024,2023,48.42
85025,2018,55.56
85025,2019,54.57
85025,2020,49.62
85025,2021,54.65
85025,2022,51.74
85025,2023,46.73
85026,2018,57.67
85026,2019,56.76
85026,2020,51.71
85026,2021,56.86
85026,2022,53.64
85026,2023,48.42
85027,2018,57.67
85027,2019,56.76
85027,2020,51.71
85027,2021,56.86
85027,2022,53.64
85027,2023,48.42
85028,2018,57.67
85028,2019,56.76
85028,2020,51.71
85028,2021,56.86
85028,2022,53.64
85028,2023,48.42
85029,2018,57.67
85029,2019,56.76
85029,2020,51.71
85029,2021,56.86
85029,2022,53.64
85029,2023,48.42
85030,2018,57.67
85030,2019,56.76
85030,2020,51.71
85030,2021,56.86
85030,2022,53.64
85030,2023,48.42
85031,2018,57.67
85031,2019,56.76
85031,2020,51.71
85031,2021,56.86
85031,2022,53.64
85031,2023,48.42
85032,2018,57.67
85032,2019,56.76
85032,2020,51.71
85032,2021,56.86
85032,2022,53.64
85032,2023,48.42
85033,2018,57.67
85033,2019,56.76
85033,2020,51.71
85033,2021,56.86
85033,2022,53.64
85033,2023,48.42
85034,2018,57.67
85034,2019,56.76
85034,2020,51.71
85034,2021,56.86
85034,2022,53.64
85034,2023,48.42
85035,2018,57.67
85035,2019,56.76
85035,2020,51.71
85035,2021,56.86
85035,2022,53.64
85035,2023,48.42
85036,2018,57.67
85036,2019,56.76
85036,2020,51.71
85036,2021,56.86
85036,2022,53.64
85036,2023,48.42
85037,2018,57.67
85037,2019,56.76
85037,2020,51.71
85037,2021,56.86
85037,2022,53.64
85037,2023,48.42
85038,2018,57.67
85038,2019,56.76
85038,2020,51.71
85038,2021,56.86
85038,2022,53.64
85038,2023,48.42
85039,2018,55.56
85039,2019,54.57
85039,2020,49.62
85039,2021,54.65
85039,2022,51.74
85039,2023,46.73
85040,2018,57.67
85040,2019,56.76
85040,2020,51.71
85040,2021,56.86
85040,2022,53.64
85040,2023,48.42
85041,2018,57.67
85041,2019,56.76
85041,2020,51.71
85041,2021,56.86
85041,2022,53.64
85041,2023,48.42
85042,2018,57.67
85042,2019,56.76
85042,2020,51.71
85042,2021,56.86
85042,2022,53.64
85042,2023,48.42
85043,2018,57.67
85043,2019,56.76
85043,2020,51.71
85043,2021,56.86
85043,2022,53.64
85043,2023,48.42
85044,2018,57.67
85044,2019,56.76
85044,2020,51.71
85044,2021,56.86
85044,2022,53.64
85044,2023,48.42
85045,2018,57.67
85045,2019,56.76
85045,2020,51.71
85045,2021,56.86
85045,2022,53.64
85045,2023,48.42
85046,2018,57.67
85046,2019,56.76
85046,2020,51.71
85046,2021,56.86
85046,2022,53.64
85046,2023,48.42
85048,2018,57.67
85048,2019,56.76
85048,2020,51.71
85048,2021,56.86
85048,2022,53.64
85048,2023,48.42
85050,2018,57.67
85050,2019,56.76
85050,2020,51.71
85050,2021,56.86
85050,2022,53.64
85050,2023,48.42
85051,2018,57.67
85051,2019,56.76
85051,2020,51.71
85051,2021,56.86
85051,2022,53.64
85051,2023,48.42
85053,2018,57.67
85053,2019,56.76
85053,2020,51.71
85053,2021,56.86
85053,2022,53.64
85053,2023,48.42
85054,2018,57.67
85054,2019,56.76
85054,2020,51.71
85054,2021,56.86
85054,2022,53.64
85054,2023,48.42
85055,2018,55.56
85055,2019,54.57
85055,2020,49.62
85055,2021,54.65
85055,2022,51.74
85055,2023,46.73
85060,2018,57.67
85060,2019,56.76
85060,2020,51.71
85060,2021,56.86
85060,2022,53.64
85060,2023,48.42
85061,2018,57.67
85061,2019,56.76
85061,2020,51.71
85061,2021,56.86
85061,2022,53.64
85061,2023,48.42
85062,2018,57.67
85062,2019,56.76
85062,2020,51.71
85062,2021,56.86
85062,2022,53.64
85062,2023,48.42
85063,2018,57.67
85063,2019,56.76
85063,2020,51.71
85063,2021,56.86
85063,2022,53.64
85063,2023,48.42
85064,2018,57.67
85064,2019,56.76
85064,2020,51.71
85064,2021,56.86
85064,2022,53.64
85064,2023,48.42
85065,2018,55.56
85065,2019,54.57
85065,2020,49.62
85065,2021,54.65
85065,2022,51.74
85065,2023,46.73
85066,2018,57.67
85066,2019,56.76
85066,2020,51.71
85066,2021,56.86
85066,2022,53.64
85066,2023,48.42
85067,2018,57.67
85067,2019,56.76
85067,2020,51.71
85067,2021,56.86
85067,2022,53.64
85067,2023,48.42
85068,2018,57.67
85068,2019,56.76
85068,2020,51.71
85068,2021,56.86
85068,2022,53.64
85068,2023,48.42
85069,2018,57.67
85069,2019,56.76
85069,2020,51.71
85069,2021,56.86
85069,2022,53.64
85069,2023,48.42
85070,2018,57.67
85070,2019,56.76
85070,2020,51.71
85070,2021,56.86
85070,2022,53.64
85070,2023,48.42
85071,2018,57.67
85071,2019,56.76
85071,2020,51.71
85071,2021,56.86
85071,2022,53.64
85071,2023,48.42
85072,2018,57.67
85072,2019,56.76
85072,2020,51.71
85072,2021,56.86
85072,2022,53.64
85072,2023,48.42
85073,2018,55.56
85073,2019,54.57
85073,2020,49.62
85073,2021,54.65
85073,2022,51.74
85073,2023,46.73
85074,2018,57.67
85074,2019,56.76
85074,2020,51.71
85074,2021,56.86
85074,2022,53.64
85074,2023,48.42
85075,2018,55.56
85075,2019,54.57
85075,2020,49.62
85075,2021,54.65
85075,2022,51.74
85075,2023,46.73
85076,2018,57.67
85076,2019,56.76
85076,2020,51.71
85076,2021,56.86
85076,2022,53.64
85076,2023,48.42
85077,2018,55.56
85077,2019,54.57
85077,2020,49.62
85077,2021,54.65
85077,2022,51.74
85077,2023,46.73
85078,2018,57.67
85078,2019,56.76
85078,2020,51.71
85078,2021,56.86
85078,2022,53.64
85078,2023,48.42
85079,2018,57.67
85079,2019,56.76
85079,2020,51.71
85079,2021,56.86
85079,2022,53.64
85079,2023,48.42
85080,2018,57.67
85080,2019,56.76
85080,2020,51.71
85080,2021,56.86
85080,2022,53.64
85080,2023,48.42
85082,2018,57.67
85082,2019,56.76
85082,2020,51.71
85082,2021,56.86
85082,2022,53.64
85082,2023,48.42
85083,2018,57.67
85083,2019,56.76
85083,2020,51.71
85083,2021,56.86
85083,2022,53.64
85083,2023,48.42
85085,2018,57.67
85085,2019,56.76
85085,2020,51.71
85085,2021,56.86
85085,2022,53.64
85085,2023,48.42
85086,2018,57.67
85086,2019,56.76
85086,2020,51.71
85086,2021,56.86
85086,2022,53.64
85086,2023,48.42
85087,2018,57.67
85087,2019,56.76
85087,2020,51.71
85087,2021,56.86
85087,2022,53.64
85087,2023,48.42
85097,2018,55.56
85097,2019,54.57
85097,2020,49.62
85097,2021,54.65
85097,2022,51.74
85097,2023,46.73
85098,2018,55.56
85098,2019,54.57
85098,2020,49.62
85098,2021,54.65
85098,2022,51.74
85098,2023,46.73
85099,2018,55.56
85099,2019,54.57
85099,2020,49.62
85099,2021,54.65
85099,2022,51.74
85099,2023,46.73
85117,2018,36.89
85117,2019,38.06
85117,2020,33.94
85117,2021,33.94
85117,2022,42.04
85117,2023,40.62
85118,2018,36.89
85118,2019,38.06
85118,2020,33.94
85118,2021,33.94
85118,2022,42.04
85118,2023,40.62
85119,2018,39.0
85119,2019,40.25
85119,2020,36.03
85119,2021,36.15
85119,2022,43.94
85119,2023,42.31
85120,2018,39.0
85120,2019,40.25
85120,2020,36.03
85120,2021,36.15
85120,2022,43.94
85120,2023,42.31
85121,2018,5.94
85121,2019,5.11
85121,2020,5.38
85121,2021,6.39
85121,2022,6.13
85121,2023,5.47
85122,2018,49.74
85122,2019,44.53
85122,2020,44.23
85122,2021,50.77
85122,2022,59.08
85122,2023,48.31
85123,2018,5.94
85123,2019,5.11
85123,2020,5.38
85123,2021,6.39
85123,2022,6.13
85123,2023,5.47
85127,2018,2.11
85127,2019,2.19
85127,2020,2.09
85127,2021,2.21
85127,2022,1.9
85127,2023,1.69
85128,2018,58.5
85128,2019,55.59
85128,2020,47.79
85128,2021,45.43
85128,2022,52.32
85128,2023,37.0
85130,2018,49.74
85130,2019,44.53
85130,2020,44.23
85130,2021,50.77
85130,2022,59.08
85130,2023,48.31
85131,2018,41.0
85131,2019,39.94
85131,2020,7.35
85131,2021,45.55
85131,2022,40.42
85131,2023,32.35
85132,2018,14.66
85132,2019,11.83
85132,2020,12.0
85132,2021,13.72
85132,2022,15.71
85132,2023,15.14
85135,2018,120.49
85135,2019,112.57
85135,2020,59.84
85135,2021,12.69
85135,2022,9.97
85135,2023,4.82
85137,2018,20.97
85137,2019,18.0
85137,2020,5.38
85137,2021,6.39
85137,2022,6.13
85137,2023,5.47
85138,2018,22.74
85138,2019,20.16
85138,2020,22.07
85138,2021,22.02
85138,2022,21.3
85138,2023,23.97
85139,2018,24.85
85139,2019,22.35
85139,2020,24.16
85139,2021,24.23
85139,2022,23.2
85139,2023,25.66
85140,2018,5.94
85140,2019,5.11
85140,2020,5.38
85140,2021,6.39
85140,2022,6.13
85140,2023,5.47
85141,2018,5.94
85141,2019,5.11
85141,2020,5.38
85141,2021,6.39
85141,2022,6.13
85141,2023,5.47
85142,2018,8.05
85142,2019,7.3
85142,2020,7.47
85142,2021,8.6
85142,2022,8.03
85142,2023,7.16
85143,2018,5.94
85143,2019,5.11
85143,2020,5.38
85143,2021,6.39
85143,2022,6.13
85143,2023,5.47
85144,2018,5.94
85144,2019,5.11
85144,2020,5.38
85144,2021,6.39
85144,2022,6.13
85144,2023,5.47
85145,2018,5.94
85145,2019,5.11
85145,2020,5.38
85145,2021,6.39
85145,2022,6.13
85145,2023,5.47
85147,2018,5.94
85147,2019,5.11
85147,2020,5.38
85147,2021,6.39
85147,2022,6.13
85147,2023,5.47
85172,2018,5.94
85172,2019,5.11
85172,2020,5.38
85172,2021,6.39
85172,2022,6.13
85172,2023,5.47
85173,2018,41.39
85173,2019,43.53
85173,2020,42.9
85173,2021,50.06
85173,2022,63.72
85173,2023,67.0
85178,2018,36.89
85178,2019,38.06
85178,2020,33.94
85178,2021,33.94
85178,2022,42.04
85178,2023,40.62
85179,2018,8.72
85179,2019,6.72
85179,2020,6.62
85179,2021,7.33
85179,2022,9.58
85179,2023,9.67
85191,2018,5.94
85191,2019,5.11
85191,2020,5.38
85191,2021,6.39
85191,2022,6.13
85191,2023,5.47
85192,2018,21.06
85192,2019,20.56
85192,2020,20.07
85192,2021,19.08
85192,2022,16.1
85192,2023,10.29
85193,2018,49.74
85193,2019,44.53
85193,2020,44.23
85193,2021,50.77
85193,2022,59.08
85193,2023,48.31
85194,2018,49.74
85194,2019,44.53
85194,2020,44.23
85194,2021,50.77
85194,2022,59.08
85194,2023,48.31
85201,2018,34.33
85201,2019,34.2
85201,2020,33.97
85201,2021,35.39
85201,2022,34.08
85201,2023,34.17
85202,2018,34.33
85202,2019,34.2
85202,2020,33.97
85202,2021,35.39
85202,2022,34.08
85202,2023,34.17
85203,2018,34.33
85203,2019,34.2
85203,2020,33.97
85203,2021,35.39
85203,2022,34.08
85203,2023,34.17
85204,2018,34.33
85204,2019,34.2
85204,2020,33.97
85204,2021,35.39
85204,2022,34.08
85204,2023,34.17
85205,2018,34.33
85205,2019,34.2
85205,2020,33.97
85205,2021,35.39
85205,2022,34.08
85205,2023,34.17
85206,2018,34.33
85206,2019,34.2
85206,2020,33.97
85206,2021,35.39
85206,2022,34.08
85206,2023,34.17
85207,2018,34.33
85207,2019,34.2
85207,2020,33.97
85207,2021,35.39
85207,2022,34.08
85207,2023,34.17
85208,2018,34.33
85208,2019,34.2
85208,2020,33.97
85208,2021,35.39
85208,2022,34.08
85208,2023,34.17
85209,2018,34.33
85209,2019,34.2
85209,2020,33.97
85209,2021,35.39
85209,2022,34.08
85209,2023,34.17
85210,2018,34.33
85210,2019,34.2
85210,2020,33.97
85210,2021,35.39
85210,2022,34.08
85210,2023,34.17
85211,2018,34.33
85211,2019,34.2
85211,2020,33.97
85211,2021,35.39
85211,2022,34.08
85211,2023,34.17
85212,2018,40.27
85212,2019,39.31
85212,2020,39.35
85212,2021,41.78
85212,2022,40.21
85212,2023,39.64
85213,2018,34.33
85213,2019,34.2
85213,2020,33.97
85213,2021,35.39
85213,2022,34.08
85213,2023,34.17
85214,2018,34.33
85214,2019,34.2
85214,2020,33.97
85214,2021,35.39
85214,2022,34.08
85214,2023,34.17
85215,2018,34.33
85215,2019,34.2
85215,2020,33.97
85215,2021,35.39
85215,2022,34.08
85215,2023,34.17
85216,2018,34.33
85216,2019,34.2
85216,2020,33.97
85216,2021,35.39
85216,2022,34.08
85216,2023,34.17
85224,2018,33.45
85224,2019,32.57
85224,2020,31.1
85224,2021,29.37
85224,2022,30.23
85224,2023,25.89
85225,2018,33.45
85225,2019,32.57
85225,2020,31.1
85225,2021,29.37
85225,2022,30.23
85225,2023,25.89
85226,2018,33.45
85226,2019,32.57
85226,2020,31.1
85226,2021,29.37
85226,2022,30.23
85226,2023,25.89
85227,2018,31.34
85227,2019,30.38
85227,2020,29.01
85227,2021,27.16
85227,2022,28.33
85227,2023,24.2
85233,2018,22.36
85233,2019,21.33
85233,2020,21.78
85233,2021,21.07
85233,2022,20.33
85233,2023,20.05
85234,2018,22.36
85234,2019,21.33
85234,2020,21.78
85234,2021,21.07
85234,2022,20.33
85234,2023,20.05
85235,2018,105.37
85235,2019,97.12
85235,2020,45.15
85235,2021,N/A
85235,2022,N/A
85235,2023,N/A
85236,2018,2.11
85236,2019,2.19
85236,2020,2.09
85236,2021,2.21
85236,2022,1.9
85236,2023,1.69
85244,2018,33.45
85244,2019,32.57
85244,2020,31.1
85244,2021,29.37
85244,2022,30.23
85244,2023,25.89
85246,2018,33.45
85246,2019,32.57
85246,2020,31.1
85246,2021,29.37
85246,2022,30.23
85246,2023,25.89
85248,2018,39.39
85248,2019,37.68
85248,2020,36.48
85248,2021,35.76
85248,2022,36.36
85248,2023,31.36
85249,2018,33.45
85249,2019,32.57
85249,2020,31.1
85249,2021,29.37
85249,2022,30.23
85249,2023,25.89
85250,2018,31.84
85250,2019,29.53
85250,2020,28.87
85250,2021,35.28
85250,2022,33.7
85250,2023,33.02
85251,2018,31.84
85251,2019,29.53
85251,2020,28.87
85251,2021,35.28
85251,2022,33.7
85251,2023,33.02
85252,2018,31.84
85252,2019,29.53
85252,2020,28.87
85252,2021,35.28
85252,2022,33.7
85252,2023,33.02
85253,2018,47.9
85253,2019,43.17
85253,2020,47.01
85253,2021,53.19
85253,2022,51.01
85253,2023,48.87
85254,2018,31.84
85254,2019,29.53
85254,2020,28.87
85254,2021,35.28
85254,2022,33.7
85254,2023,33.02
85255,2018,31.84
85255,2019,29.53
85255,2020,28.87
85255,2021,35.28
85255,2022,33.7
85255,2023,33.02
85256,2018,31.84
85256,2019,29.53
85256,2020,28.87
85256,2021,35.28
85256,2022,33.7
85256,2023,33.02
85257,2018,31.84
85257,2019,29.53
85257,2020,28.87
85257,2021,35.28
85257,2022,33.7
85257,2023,33.02
85258,2018,31.84
85258,2019,29.53
85258,2020,28.87
85258,2021,35.28
85258,2022,33.7
85258,2023,33.02
85259,2018,31.84
85259,2019,29.53
85259,2020,28.87
85259,2021,35.28
85259,2022,33.7
85259,2023,33.02
85260,2018,31.84
85260,2019,29.53
85260,2020,28.87
85260,2021,35.28
85260,2022,33.7
85260,2023,33.02
85261,2018,31.84
85261,2019,29.53
85261,2020,28.87
85261,2021,35.28
85261,2022,33.7
85261,2023,33.02
85262,2018,31.84
85262,2019,29.53
85262,2020,28.87
85262,2021,35.28
85262,2022,33.7
85262,2023,33.02
85263,2018,31.84
85263,2019,29.53
85263,2020,28.87
85263,2021,35.28
85263,2022,33.7
85263,2023,33.02
85264,2018,31.84
85264,2019,29.53
85264,2020,28.87
85264,2021,35.28
85264,2022,33.7
85264,2023,33.02
85266,2018,31.84
85266,2019,29.53
85266,2020,28.87
85266,2021,35.28
85266,2022,33.7
85266,2023,33.02
85267,2018,31.84
85267,2019,29.53
85267,2020,28.87
85267,2021,35.28
85267,2022,33.7
85267,2023,33.02
85268,2018,31.84
85268,2019,29.53
85268,2020,28.87
85268,2021,35.28
85268,2022,33.7
85268,2023,33.02
85269,2018,31.84
85269,2019,29.53
85269,2020,28.87
85269,2021,35.28
85269,2022,33.7
85269,2023,33.02
85271,2018,31.84
85271,2019,29.53
85271,2020,28.87
85271,2021,35.28
85271,2022,33.7
85271,2023,33.02
85274,2018,34.33
85274,2019,34.2
85274,2020,33.97
85274,2021,35.39
85274,2022,34.08
85274,2023,34.17
85275,2018,34.33
85275,2019,34.2
85275,2020,33.97
85275,2021,35.39
85275,2022,34.08
85275,2023,34.17
85277,2018,34.33
85277,2019,34.2
85277,2020,33.97
85277,2021,35.39
85277,2022,34.08
85277,2023,34.17
85280,2018,68.2
85280,2019,64.49
85280,2020,63.19
85280,2021,76.55
85280,2022,77.55
85280,2023,64.83
85281,2018,68.2
85281,2019,64.49
85281,2020,63.19
85281,2021,76.55
85281,2022,77.55
85281,2023,64.83
85282,2018,68.2
85282,2019,64.49
85282,2020,63.19
85282,2021,76.55
85282,2022,77.55
85282,2023,64.83
85283,2018,68.2
85283,2019,64.49
85283,2020,63.19
85283,2021,76.55
85283,2022,77.55
85283,2023,64.83
85284,2018,68.2
85284,2019,64.49
85284,2020,63.19
85284,2021,76.55
85284,2022,77.55
85284,2023,64.83
85285,2018,68.2
85285,2019,64.49
85285,2020,63.19
85285,2021,76.55
85285,2022,77.55
85285,2023,64.83
85286,2018,33.45
85286,2019,32.57
85286,2020,31.1
85286,2021,29.37
85286,2022,30.23
85286,2023,25.89
85287,2018,68.2
85287,2019,64.49
85287,2020,63.19
85287,2021,76.55
85287,2022,77.55
85287,2023,64.83
85288,2018,68.2
85288,2019,64.49
85288,2020,63.19
85288,2021,76.55
85288,2022,77.55
85288,2023,64.83
85289,2018,66.09
85289,2019,62.3
85289,2020,61.1
85289,2021,74.34
85289,2022,75.65
85289,2023,63.14
85295,2018,22.36
85295,2019,21.33
85295,2020,21.78
85295,2021,21.07
85295,2022,20.33
85295,2023,20.05
85296,2018,22.36
85296,2019,21.33
85296,2020,21.78
85296,2021,21.07
85296,2022,20.33
85296,2023,20.05
85297,2018,22.36
85297,2019,21.33
85297,2020,21.78
85297,2021,21.07
85297,2022,20.33
85297,2023,20.05
85298,2018,22.36
85298,2019,21.33
85298,2020,21.78
85298,2021,21.07
85298,2022,20.33
85298,2023,20.05
85299,2018,22.36
85299,2019,21.33
85299,2020,21.78
85299,2021,21.07
85299,2022,20.33
85299,2023,20.05
85301,2018,61.48
85301,2019,52.1
85301,2020,50.64
85301,2021,55.01
85301,2022,57.04
85301,2023,54.29
85302,2018,61.48
85302,2019,52.1
85302,2020,50.64
85302,2021,55.01
85302,2022,57.04
85302,2023,54.29
85303,2018,61.48
85303,2019,52.1
85303,2020,50.64
85303,2021,55.01
85303,2022,57.04
85303,2023,54.29
85304,2018,61.48
85304,2019,52.1
85304,2020,50.64
85304,2021,55.01
85304,2022,57.04
85304,2023,54.29
85305,2018,61.48
85305,2019,52.1
85305,2020,50.64
85305,2021,55.01
85305,2022,57.04
85305,2023,54.29
85306,2018,61.48
85306,2019,52.1
85306,2020,50.64
85306,2021,55.01
85306,2022,57.04
85306,2023,54.29
85307,2018,61.48
85307,2019,52.1
85307,2020,50.64
85307,2021,55.01
85307,2022,57.04
85307,2023,54.29
85308,2018,61.48
85308,2019,52.1
85308,2020,50.64
85308,2021,55.01
85308,2022,57.04
85308,2023,54.29
85309,2018,61.48
85309,2019,52.1
85309,2020,50.64
85309,2021,55.01
85309,2022,57.04
85309,2023,54.29
85310,2018,61.48
85310,2019,52.1
85310,2020,50.64
85310,2021,55.01
85310,2022,57.04
85310,2023,54.29
85311,2018,61.48
85311,2019,52.1
85311,2020,50.64
85311,2021,55.01
85311,2022,57.04
85311,2023,54.29
85312,2018,61.48
85312,2019,52.1
85312,2020,50.64
85312,2021,55.01
85312,2022,57.04
85312,2023,54.29
85313,2018,59.37
85313,2019,49.91
85313,2020,48.55
85313,2021,52.8
85313,2022,55.14
85313,2023,52.6
85318,2018,61.48
85318,2019,52.1
85318,2020,50.64
85318,2021,55.01
85318,2022,57.04
85318,2023,54.29
85320,2018,2.11
85320,2019,2.19
85320,2020,2.09
85320,2021,2.21
85320,2022,1.9
85320,2023,1.69
85321,2018,10.46
85321,2019,8.86
85321,2020,9.94
85321,2021,10.0
85321,2022,10.74
85321,2023,10.58
85322,2018,2.11
85322,2019,2.19
85322,2020,2.09
85322,2021,2.21
85322,2022,1.9
85322,2023,1.69
85323,2018,51.0
85323,2019,52.89
85323,2020,52.98
85323,2021,56.94
85323,2022,53.07
85323,2023,45.71
85324,2018,6.3
85324,2019,5.47
85324,2020,5.86
85324,2021,6.91
85324,2022,6.94
85324,2023,6.31
85326,2018,28.14
85326,2019,25.54
85326,2020,25.5
85326,2021,20.05
85326,2022,20.75
85326,2023,18.15
85327,2018,2.11
85327,2019,2.19
85327,2020,2.09
85327,2021,2.21
85327,2022,1.9
85327,2023,1.69
85329,2018,2.11
85329,2019,2.19
85329,2020,2.09
85329,2021,2.21
85329,2022,1.9
85329,2023,1.69
85331,2018,2.11
85331,2019,2.19
85331,2020,2.09
85331,2021,2.21
85331,2022,1.9
85331,2023,1.69
85332,2018,6.3
85332,2019,5.47
85332,2020,5.86
85332,2021,6.91
85332,2022,6.94
85332,2023,6.31
85333,2018,2.11
85333,2019,2.19
85333,2020,2.09
85333,2021,2.21
85333,2022,1.9
85333,2023,1.69
85335,2018,38.98
85335,2019,41.52
85335,2020,33.8
85335,2021,30.56
85335,2022,29.12
85335,2023,28.52
85336,2018,18.95
85336,2019,16.36
85336,2020,12.64
85336,2021,9.76
85336,2022,9.15
85336,2023,9.86
85337,2018,2.11
85337,2019,2.19
85337,2020,2.09
85337,2021,2.21
85337,2022,1.9
85337,2023,1.69
85338,2018,34.23
85338,2019,32.6
85338,2020,32.24
85338,2021,28.71
85338,2022,27.27
85338,2023,26.2
85339,2018,2.11
85339,2019,2.19
85339,2020,2.09
85339,2021,2.21
85339,2022,1.9
85339,2023,1.69
85340,2018,2.11
85340,2019,2.19
85340,2020,2.09
85340,2021,2.21
85340,2022,1.9
85340,2023,1.69
85341,2018,10.46
85341,2019,8.86
85341,2020,9.94
85341,2021,10.0
85341,2022,10.74
85341,2023,10.58
85342,2018,2.11
85342,2019,2.19
85342,2020,2.09
85342,2021,2.21
85342,2022,1.9
85342,2023,1.69
85343,2018,2.11
85343,2019,2.19
85343,2020,2.09
85343,2021,2.21
85343,2022,1.9
85343,2023,1.69
85344,2018,40.03
85344,2019,27.46
85344,2020,29.33
85344,2021,39.42
85344,2022,25.03
85344,2023,25.47
85345,2018,33.67
85345,2019,32.22
85345,2020,27.97
85345,2021,26.7
85345,2022,24.44
85345,2023,25.42
85346,2018,41.82
85346,2019,4.58
85346,2020,34.59
85346,2021,58.45
85346,2022,38.75
85346,2023,42.66
85349,2018,18.95
85349,2019,16.36
85349,2020,12.64
85349,2021,9.76
85349,2022,9.15
85349,2023,9.86
85350,2018,18.38
85350,2019,14.37
85350,2020,14.97
85350,2021,12.74
85350,2022,13.23
85350,2023,14.24
85351,2018,2.11
85351,2019,2.19
85351,2020,2.09
85351,2021,2.21
85351,2022,1.9
85351,2023,1.69
85353,2018,120.44
85353,2019,120.32
85353,2020,157.27
85353,2021,146.78
85353,2022,121.14
85353,2023,3.35
85354,2018,2.11
85354,2019,2.19
85354,2020,2.09
85354,2021,2.21
85354,2022,1.9
85354,2023,1.69
85355,2018,2.11
85355,2019,2.19
85355,2020,2.09
85355,2021,2.21
85355,2022,1.9
85355,2023,1.69
85356,2018,17.37
85356,2019,18.62
85356,2020,14.88
85356,2021,21.93
85356,2022,15.54
85356,2023,10.49
85358,2018,29.45
85358,2019,28.75
85358,2020,31.29
85358,2021,31.02
85358,2022,27.31
85358,2023,20.58
85359,2018,41.82
85359,2019,4.58
85359,2020,34.59
85359,2021,58.45
85359,2022,38.75
85359,2023,42.66
85360,2018,13.1
85360,2019,12.45
85360,2020,10.9
85360,2021,13.17
85360,2022,12.95
85360,2023,11.27
85361,2018,2.11
85361,2019,2.19
85361,2020,2.09
85361,2021,2.21
85361,2022,1.9
85361,2023,1.69
85362,2018,6.3
85362,2019,5.47
85362,2020,5.86
85362,2021,6.91
85362,2022,6.94
85362,2023,6.31
85363,2018,2.11
85363,2019,2.19
85363,2020,2.09
85363,2021,2.21
85363,2022,1.9
85363,2023,1.69
85364,2018,34.1
85364,2019,34.08
85364,2020,31.24
85364,2021,30.58
85364,2022,27.93
85364,2023,25.15
85365,2018,34.1
85365,2019,34.08
85365,2020,31.24
85365,2021,30.58
85365,2022,27.93
85365,2023,25.15
85366,2018,34.1
85366,2019,34.08
85366,2020,31.24
85366,2021,30.58
85366,2022,27.93
85366,2023,25.15
85367,2018,34.1
85367,2019,34.08
85367,2020,31.24
85367,2021,30.58
85367,2022,27.93
85367,2023,25.15
85369,2018,34.1
85369,2019,34.08
85369,2020,31.24
85369,2021,30.58
85369,2022,27.93
85369,2023,25.15
85372,2018,2.11
85372,2019,2.19
85372,2020,2.09
85372,2021,2.21
85372,2022,1.9
85372,2023,1.69
85373,2018,33.67
85373,2019,32.22
85373,2020,27.97
85373,2021,26.7
85373,2022,24.44
85373,2023,25.42
85374,2018,22.38
85374,2019,22.48
85374,2020,24.91
85374,2021,23.69
85374,2022,23.76
85374,2023,21.59
85375,2018,2.11
85375,2019,2.19
85375,2020,2.09
85375,2021,2.21
85375,2022,1.9
85375,2023,1.69
85376,2018,2.11
85376,2019,2.19
85376,2020,2.09
85376,2021,2.21
85376,2022,1.9
85376,2023,1.69
85377,2018,2.11
85377,2019,2.19
85377,2020,2.09
85377,2021,2.21
85377,2022,1.9
85377,2023,1.69
85378,2018,22.38
85378,2019,22.48
85378,2020,24.91
85378,2021,23.69
85378,2022,23.76
85378,2023,21.59
85379,2018,22.38
85379,2019,22.48
85379,2020,24.91
85379,2021,23.69
85379,2022,23.76
85379,2023,21.59
85380,2018,33.67
85380,2019,32.22
85380,2020,27.97
85380,2021,26.7
85380,2022,24.44
85380,2023,25.42
85381,2018,33.67
85381,2019,32.22
85381,2020,27.97
85381,2021,26.7
85381,2022,24.44
85381,2023,25.42
85382,2018,33.67
85382,2019,32.22
85382,2020,27.97
85382,2021,26.7
85382,2022,24.44
85382,2023,25.42
85383,2018,33.67
85383,2019,32.22
85383,2020,27.97
85383,2021,26.7
85383,2022,24.44
85383,2023,25.42
85385,2018,33.67
85385,2019,32.22
85385,2020,27.97
85385,2021,26.7
85385,2022,24.44
85385,2023,25.42
85387,2018,22.38
85387,2019,22.48
85387,2020,24.91
85387,2021,23.69
85387,2022,23.76
85387,2023,21.59
85388,2018,22.38
85388,2019,22.48
85388,2020,24.91
85388,2021,23.69
85388,2022,23.76
85388,2023,21.59
85390,2018,35.75
85390,2019,34.22
85390,2020,37.15
85390,2021,37.93
85390,2022,34.25
85390,2023,26.89
85392,2018,51.0
85392,2019,52.89
85392,2020,52.98
85392,2021,56.94
85392,2022,53.07
85392,2023,45.71
85395,2018,34.23
85395,2019,32.6
85395,2020,32.24
85395,2021,28.71
85395,2022,27.27
85395,2023,26.2
85396,2018,28.14
85396,2019,25.54
85396,2020,25.5
85396,2021,20.05
85396,2022,20.75
85396,2023,18.15
85501,2018,141.99
85501,2019,133.85
85501,2020,119.29
85501,2021,117.91
85501,2022,51.44
85501,2023,69.14
85502,2018,141.99
85502,2019,133.85
85502,2020,119.29
85502,2021,117.91
85502,2022,51.44
85502,2023,69.14
85530,2018,4.26
85530,2019,5.2
85530,2020,4.18
85530,2021,2.62
85530,2022,2.81
85530,2023,2.0
85531,2018,4.26
85531,2019,5.2
85531,2020,4.18
85531,2021,2.62
85531,2022,2.81
85531,2023,2.0
85532,2018,15.12
85532,2019,15.45
85532,2020,14.69
85532,2021,12.69
85532,2022,9.97
85532,2023,4.82
85533,2018,5.7
85533,2019,2.85
85533,2020,5.82
85533,2021,9.71
85533,2022,5.58
85533,2023,N/A
85534,2018,5.7
85534,2019,2.85
85534,2020,5.82
85534,2021,9.71
85534,2022,5.58
85534,2023,N/A
85535,2018,4.26
85535,2019,5.2
85535,2020,4.18
85535,2021,2.62
85535,2022,2.81
85535,2023,2.0
85536,2018,4.26
85536,2019,5.2
85536,2020,4.18
85536,2021,2.62
85536,2022,2.81
85536,2023,2.0
85539,2018,50.82
85539,2019,50.18
85539,2020,49.79
85539,2021,51.29
85539,2022,90.75
85539,2023,40.23
85540,2018,5.7
85540,2019,2.85
85540,2020,5.82
85540,2021,9.71
85540,2022,5.58
85540,2023,N/A
85541,2018,54.71
85541,2019,46.26
85541,2020,52.57
85541,2021,47.69
85541,2022,40.4
85541,2023,34.65
85542,2018,15.12
85542,2019,15.45
85542,2020,14.69
85542,2021,12.69
85542,2022,9.97
85542,2023,4.82
85543,2018,30.2
85543,2019,21.13
85543,2020,19.26
85543,2021,5.5
85543,2022,12.28
85543,2023,8.17
85544,2018,15.12
85544,2019,15.45
85544,2020,14.69
85544,2021,12.69
85544,2022,9.97
85544,2023,4.82
85545,2018,15.12
85545,2019,15.45
85545,2020,14.69
85545,2021,12.69
85545,2022,9.97
85545,2023,4.82
85546,2018,41.42
85546,2019,50.25
85546,2020,40.86
85546,2021,25.45
85546,2022,25.15
85546,2023,2.0
85547,2018,54.71
85547,2019,46.26
85547,2020,52.57
85547,2021,47.69
85547,2022,40.4
85547,2023,34.65
85548,2018,41.42
85548,2019,50.25
85548,2020,40.86
85548,2021,25.45
85548,2022,25.15
85548,2023,2.0
85550,2018,15.12
85550,2019,15.45
85550,2020,14.69
85550,2021,12.69
85550,2022,9.97
85550,2023,4.82
85551,2018,4.26
85551,2019,5.2
85551,2020,4.18
85551,2021,2.62
85551,2022,2.81
85551,2023,2.0
85552,2018,19.36
85552,2019,30.17
85552,2020,4.18
85552,2021,10.93
85552,2022,10.79
85552,2023,9.1
85553,2018,15.12
85553,2019,15.45
85553,2020,14.69
85553,2021,12.69
85553,2022,9.97
85553,2023,4.82
85554,2018,15.12
85554,2019,15.45
85554,2020,14.69
85554,2021,12.69
85554,2022,9.97
85554,2023,4.82
85601,2018,10.46
85601,2019,8.86
85601,2020,9.94
85601,2021,10.0
85601,2022,10.74
85601,2023,10.58
85602,2018,22.15
85602,2019,19.45
85602,2020,19.93
85602,2021,21.99
85602,2022,23.09
85602,2023,22.12
85603,2018,5.75
85603,2019,5.48
85603,2020,5.38
85603,2021,40.29
85603,2022,23.3
85603,2023,25.01
85605,2018,5.75
85605,2019,5.48
85605,2020,4.61
85605,2021,5.6
85605,2022,6.22
85605,2023,6.07
85606,2018,5.75
85606,2019,5.48
85606,2020,4.61
85606,2021,5.6
85606,2022,6.22
85606,2023,6.07
85607,2018,5.75
85607,2019,49.07
85607,2020,34.82
85607,2021,32.31
85607,2022,25.12
85607,2023,27.42
85608,2018,5.75
85608,2019,49.07
85608,2020,34.82
85608,2021,32.31
85608,2022,25.12
85608,2023,27.42
85609,2018,5.75
85609,2019,5.48
85609,2020,4.61
85609,2021,5.6
85609,2022,6.22
85609,2023,6.07
85610,2018,5.75
85610,2019,5.48
85610,2020,4.61
85610,2021,5.6
85610,2022,6.22
85610,2023,6.07
85611,2018,19.43
85611,2019,16.88
85611,2020,16.86
85611,2021,19.47
85611,2022,20.91
85611,2023,21.63
85613,2018,43.23
85613,2019,59.12
85613,2020,44.34
85613,2021,46.53
85613,2022,54.39
85613,2023,46.4
85614,2018,10.46
85614,2019,8.86
85614,2020,9.94
85614,2021,10.0
85614,2022,10.74
85614,2023,10.58
85615,2018,5.75
85615,2019,5.48
85615,2020,4.61
85615,2021,5.6
85615,2022,6.22
85615,2023,6.07
85616,2018,6.19
85616,2019,28.08
85616,2020,14.33
85616,2021,23.14
85616,2022,24.99
85616,2023,16.57
85617,2018,5.75
85617,2019,5.48
85617,2020,4.61
85617,2021,5.6
85617,2022,6.22
85617,2023,6.07
85618,2018,5.94
85618,2019,15.99
85618,2020,29.59
85618,2021,28.53
85618,2022,55.44
85618,2023,31.11
85619,2018,10.46
85619,2019,8.86
85619,2020,9.94
85619,2021,10.0
85619,2022,10.74
85619,2023,10.58
85620,2018,5.75
85620,2019,5.48
85620,2020,4.61
85620,2021,5.6
85620,2022,6.22
85620,2023,6.07
85621,2018,40.42
85621,2019,38.0
85621,2020,35.06
85621,2021,37.27
85621,2022,48.49
85621,2023,54.6
85622,2018,10.46
85622,2019,8.86
85622,2020,9.94
85622,2021,10.0
85622,2022,10.74
85622,2023,10.58
85623,2018,5.94
85623,2019,5.11
85623,2020,5.38
85623,2021,6.39
85623,2022,6.13
85623,2023,5.47
85624,2018,3.22
85624,2019,2.54
85624,2020,2.31
85624,2021,3.87
85624,2022,3.95
85624,2023,4.98
85625,2018,5.75
85625,2019,5.48
85625,2020,4.61
85625,2021,5.6
85625,2022,6.22
85625,2023,6.07
85626,2018,5.75
85626,2019,5.48
85626,2020,4.61
85626,2021,5.6
85626,2022,6.22
85626,2023,6.07
85627,2018,5.75
85627,2019,5.48
85627,2020,4.61
85627,2021,5.6
85627,2022,6.22
85627,2023,6.07
85628,2018,40.42
85628,2019,38.0
85628,2020,35.06
85628,2021,37.27
85628,2022,48.49
85628,2023,54.6
85629,2018,29.52
85629,2019,26.77
85629,2020,23.88
85629,2021,25.81
85629,2022,28.95
85629,2023,31.06
85630,2018,5.75
85630,2019,5.48
85630,2020,4.61
85630,2021,5.6
85630,2022,6.22
85630,2023,6.07
85631,2018,5.94
85631,2019,5.11
85631,2020,5.38
85631,2021,6.39
85631,2022,6.13
85631,2023,5.47
85632,2018,5.75
85632,2019,5.48
85632,2020,4.61
85632,2021,5.6
85632,2022,6.22
85632,2023,6.07
85633,2018,10.46
85633,2019,8.86
85633,2020,9.94
85633,2021,10.0
85633,2022,10.74
85633,2023,10.58
85634,2018,111.82
85634,2019,128.57
85634,2020,263.78
85634,2021,354.55
85634,2022,299.27
85634,2023,254.8
85635,2018,5.75
85635,2019,5.48
85635,2020,4.61
85635,2021,5.6
85635,2022,6.22
85635,2023,6.07
85636,2018,5.75
85636,2019,5.48
85636,2020,4.61
85636,2021,5.6
85636,2022,6.22
85636,2023,6.07
85637,2018,13.68
85637,2019,11.4
85637,2020,12.25
85637,2021,13.87
85637,2022,14.69
85637,2023,15.56
85638,2018,5.75
85638,2019,5.48
85638,2020,4.61
85638,2021,5.6
85638,2022,6.22
85638,2023,6.07
85639,2018,10.46
85639,2019,8.86
85639,2020,9.94
85639,2021,10.0
85639,2022,10.74
85639,2023,10.58
85640,2018,3.22
85640,2019,2.54
85640,2020,2.31
85640,2021,3.87
85640,2022,3.95
85640,2023,4.98
85641,2018,111.82
85641,2019,128.57
85641,2020,263.78
85641,2021,354.55
85641,2022,299.27
85641,2023,254.8
85643,2018,64.41
85643,2019,53.99
85643,2020,53.3
85643,2021,63.16
85643,2022,67.19
85643,2023,32.8
85644,2018,60.15
85644,2019,48.79
85644,2020,49.12
85644,2021,60.54
85644,2022,64.38
85644,2023,30.8
85645,2018,13.68
85645,2019,11.4
85645,2020,12.25
85645,2021,13.87
85645,2022,14.69
85645,2023,15.56
85646,2018,3.22
85646,2019,2.54
85646,2020,2.31
85646,2021,3.87
85646,2022,3.95
85646,2023,4.98
85648,2018,40.42
85648,2019,38.0
85648,2020,35.06
85648,2021,37.27
85648,2022,48.49
85648,2023,54.6
85650,2018,5.75
85650,2019,5.48
85650,2020,4.61
85650,2021,5.6
85650,2022,6.22
85650,2023,6.07
85652,2018,10.46
85652,2019,8.86
85652,2020,9.94
85652,2021,10.0
85652,2022,10.74
85652,2023,10.58
85653,2018,46.13
85653,2019,44.25
85653,2020,44.95
85653,2021,47.49
85653,2022,47.84
85653,2023,40.58
85654,2018,10.46
85654,2019,8.86
85654,2020,9.94
85654,2021,10.0
85654,2022,10.74
85654,2023,10.58
85655,2018,5.75
85655,2019,49.07
85655,2020,34.82
85655,2021,32.31
85655,2022,25.12
85655,2023,27.42
85658,2018,46.13
85658,2019,44.25
85658,2020,44.95
85658,2021,47.49
85658,2022,47.84
85658,2023,40.58
85662,2018,37.2
85662,2019,35.46
85662,2020,32.75
85662,2021,33.4
85662,2022,44.54
85662,2023,49.62
85670,2018,43.23
85670,2019,59.12
85670,2020,44.34
85670,2021,46.53
85670,2022,54.39
85670,2023,46.4
85701,2018,111.82
85701,2019,128.57
85701,2020,263.78
85701,2021,354.55
85701,2022,299.27
85701,2023,254.8
85702,2018,111.82
85702,2019,128.57
85702,2020,263.78
85702,2021,354.55
85702,2022,299.27
85702,2023,254.8
85703,2018,111.82
85703,2019,128.57
85703,2020,263.78
85703,2021,354.55
85703,2022,299.27
85703,2023,254.8
85704,2018,111.82
85704,2019,128.57
85704,2020,263.78
85704,2021,354.55
85704,2022,299.27
85704,2023,254.8
85705,2018,111.82
85705,2019,128.57
85705,2020,263.78
85705,2021,354.55
85705,2022,299.27
85705,2023,254.8
85706,2018,111.82
85706,2019,128.57
85706,2020,263.78
85706,2021,354.55
85706,2022,299.27
85706,2023,254.8
85707,2018,111.82
85707,2019,128.57
85707,2020,263.78
85707,2021,354.55
85707,2022,299.27
85707,2023,254.8
85708,2018,111.82
85708,2019,128.57
85708,2020,263.78
85708,2021,354.55
85708,2022,299.27
85708,2023,254.8
85709,2018,111.82
85709,2019,128.57
85709,2020,263.78
85709,2021,354.55
85709,2022,299.27
85709,2023,254.8
85710,2018,111.82
85710,2019,128.57
85710,2020,263.78
85710,2021,354.55
85710,2022,299.27
85710,2023,254.8
85711,2018,111.82
85711,2019,128.57
85711,2020,263.78
85711,2021,354.55
85711,2022,299.27
85711,2023,254.8
85712,2018,111.82
85712,2019,128.57
85712,2020,263.78
85712,2021,354.55
85712,2022,299.27
85712,2023,254.8
85713,2018,111.82
85713,2019,128.57
85713,2020,263.78
85713,2021,354.55
85713,2022,299.27
85713,2023,254.8
85714,2018,111.82
85714,2019,128.57
85714,2020,263.78
85714,2021,354.55
85714,2022,299.27
85714,2023,254.8
85715,2018,111.82
85715,2019,128.57
85715,2020,263.78
85715,2021,354.55
85715,2022,299.27
85715,2023,254.8
85716,2018,111.82
85716,2019,128.57
85716,2020,263.78
85716,2021,354.55
85716,2022,299.27
85716,2023,254.8
85717,2018,111.82
85717,2019,128.57
85717,2020,263.78
85717,2021,354.55
85717,2022,299.27
85717,2023,254.8
85718,2018,111.82
85718,2019,128.57
85718,2020,263.78
85718,2021,354.55
85718,2022,299.27
85718,2023,254.8
85719,2018,111.82
85719,2019,128.57
85719,2020,263.78
85719,2021,354.55
85719,2022,299.27
85719,2023,254.8
85720,2018,73.47
85720,2019,56.98
85720,2020,58.96
85720,2021,63.67
85720,2022,66.02
85720,2023,57.74
85721,2018,111.82
85721,2019,128.57
85721,2020,263.78
85721,2021,354.55
85721,2022,299.27
85721,2023,254.8
85722,2018,73.47
85722,2019,56.98
85722,2020,58.96
85722,2021,63.67
85722,2022,66.02
85722,2023,57.74
85723,2018,111.82
85723,2019,128.57
85723,2020,263.78
85723,2021,354.55
85723,2022,299.27
85723,2023,254.8
85724,2018,111.82
85724,2019,128.57
85724,2020,263.78
85724,2021,354.55
85724,2022,299.27
85724,2023,254.8
85725,2018,111.82
85725,2019,128.57
85725,2020,263.78
85725,2021,354.55
85725,2022,299.27
85725,2023,254.8
85726,2018,111.82
85726,2019,128.57
85726,2020,263.78
85726,2021,354.55
85726,2022,299.27
85726,2023,254.8
85728,2018,111.82
85728,2019,128.57
85728,2020,263.78
85728,2021,354.55
85728,2022,299.27
85728,2023,254.8
85730,2018,111.82
85730,2019,128.57
85730,2020,263.78
85730,2021,354.55
85730,2022,299.27
85730,2023,254.8
85731,2018,111.82
85731,2019,128.57
85731,2020,263.78
85731,2021,354.55
85731,2022,299.27
85731,2023,254.8
85732,2018,111.82
85732,2019,128.57
85732,2020,263.78
85732,2021,354.55
85732,2022,299.27
85732,2023,254.8
85733,2018,111.82
85733,2019,128.57
85733,2020,263.78
85733,2021,354.55
85733,2022,299.27
85733,2023,254.8
85734,2018,111.82
85734,2019,128.57
85734,2020,263.78
85734,2021,354.55
85734,2022,299.27
85734,2023,254.8
85735,2018,111.82
85735,2019,128.57
85735,2020,263.78
85735,2021,354.55
85735,2022,299.27
85735,2023,254.8
85736,2018,111.82
85736,2019,128.57
85736,2020,263.78
85736,2021,354.55
85736,2022,299.27
85736,2023,254.8
85737,2018,111.82
85737,2019,128.57
85737,2020,263.78
85737,2021,354.55
85737,2022,299.27
85737,2023,254.8
85738,2018,111.82
85738,2019,128.57
85738,2020,263.78
85738,2021,354.55
85738,2022,299.27
85738,2023,254.8
85739,2018,117.76
85739,2019,133.68
85739,2020,269.16
85739,2021,360.94
85739,2022,305.4
85739,2023,260.27
85740,2018,111.82
85740,2019,128.57
85740,2020,263.78
85740,2021,354.55
85740,2022,299.27
85740,2023,254.8
85741,2018,111.82
85741,2019,128.57
85741,2020,263.78
85741,2021,354.55
85741,2022,299.27
85741,2023,254.8
85742,2018,111.82
85742,2019,128.57
85742,2020,263.78
85742,2021,354.55
85742,2022,299.27
85742,2023,254.8
85743,2018,111.82
85743,2019,128.57
85743,2020,263.78
85743,2021,354.55
85743,2022,299.27
85743,2023,254.8
85744,2018,111.82
85744,2019,128.57
85744,2020,263.78
85744,2021,354.55
85744,2022,299.27
85744,2023,254.8
85745,2018,111.82
85745,2019,128.57
85745,2020,263.78
85745,2021,354.55
85745,2022,299.27
85745,2023,254.8
85746,2018,111.82
85746,2019,128.57
85746,2020,263.78
85746,2021,354.55
85746,2022,299.27
85746,2023,254.8
85747,2018,111.82
85747,2019,128.57
85747,2020,263.78
85747,2021,354.55
85747,2022,299.27
85747,2023,254.8
85748,2018,111.82
85748,2019,128.57
85748,2020,263.78
85748,2021,354.55
85748,2022,299.27
85748,2023,254.8
85749,2018,111.82
85749,2019,128.57
85749,2020,263.78
85749,2021,354.55
85749,2022,299.27
85749,2023,254.8
85750,2018,111.82
85750,2019,128.57
85750,2020,263.78
85750,2021,354.55
85750,2022,299.27
85750,2023,254.8
85751,2018,111.82
85751,2019,128.57
85751,2020,263.78
85751,2021,354.55
85751,2022,299.27
85751,2023,254.8
85752,2018,111.82
85752,2019,128.57
85752,2020,263.78
85752,2021,354.55
85752,2022,299.27
85752,2023,254.8
85754,2018,111.82
85754,2019,128.57
85754,2020,263.78
85754,2021,354.55
85754,2022,299.27
85754,2023,254.8
85755,2018,111.82
85755,2019,128.57
85755,2020,263.78
85755,2021,354.55
85755,2022,299.27
85755,2023,254.8
85756,2018,111.82
85756,2019,128.57
85756,2020,263.78
85756,2021,354.55
85756,2022,299.27
85756,2023,254.8
85757,2018,111.82
85757,2019,128.57
85757,2020,263.78
85757,2021,354.55
85757,2022,299.27
85757,2023,254.8
85775,2018,101.36
85775,2019,119.71
85775,2020,253.84
85775,2021,344.55
85775,2022,288.53
85775,2023,244.22
85777,2018,73.47
85777,2019,56.98
85777,2020,58.96
85777,2021,63.67
85777,2022,66.02
85777,2023,57.74
85901,2018,59.61
85901,2019,48.0
85901,2020,50.81
85901,2021,47.89
85901,2022,44.98
85901,2023,47.89
85902,2018,59.61
85902,2019,48.0
85902,2020,50.81
85902,2021,47.89
85902,2022,44.98
85902,2023,47.89
85911,2018,59.61
85911,2019,48.0
85911,2020,50.81
85911,2021,47.89
85911,2022,44.98
85911,2023,47.89
85912,2018,4.61
85912,2019,4.26
85912,2020,3.38
85912,2021,3.58
85912,2022,4.54
85912,2023,4.25
85920,2018,2.28
85920,2019,2.69
85920,2020,0.81
85920,2021,3.49
85920,2022,3.7
85920,2023,3.15
85922,2018,5.7
85922,2019,2.85
85922,2020,5.82
85922,2021,9.71
85922,2022,5.58
85922,2023,N/A
85923,2018,4.61
85923,2019,4.26
85923,2020,3.38
85923,2021,3.58
85923,2022,4.54
85923,2023,4.25
85924,2018,2.28
85924,2019,2.69
85924,2020,0.81
85924,2021,3.49
85924,2022,3.7
85924,2023,3.15
85925,2018,21.24
85925,2019,13.66
85925,2020,12.32
85925,2021,18.59
85925,2022,15.2
85925,2023,4.43
85926,2018,4.61
85926,2019,4.26
85926,2020,3.38
85926,2021,3.58
85926,2022,4.54
85926,2023,4.25
85927,2018,2.28
85927,2019,2.69
85927,2020,0.81
85927,2021,3.49
85927,2022,3.7
85927,2023,3.15
85928,2018,4.61
85928,2019,4.26
85928,2020,3.38
85928,2021,3.58
85928,2022,4.54
85928,2023,4.25
85929,2018,44.12
85929,2019,55.29
85929,2020,51.69
85929,2021,62.84
85929,2022,47.69
85929,2023,58.11
85930,2018,2.28
85930,2019,2.69
85930,2020,0.81
85930,2021,3.49
85930,2022,3.7
85930,2023,3.15
85931,2018,4.53
85931,2019,4.54
85931,2020,4.02
85931,2021,3.84
85931,2022,4.73
85931,2023,4.56
85932,2018,2.28
85932,2019,2.69
85932,2020,0.81
85932,2021,3.49
85932,2022,3.7
85932,2023,3.15
85933,2018,4.61
85933,2019,4.26
85933,2020,3.38
85933,2021,3.58
85933,2022,4.54
85933,2023,4.25
85934,2018,4.61
85934,2019,4.26
85934,2020,3.38
85934,2021,3.58
85934,2022,4.54
85934,2023,4.25
85935,2018,44.12
85935,2019,55.29
85935,2020,51.69
85935,2021,62.84
85935,2022,47.69
85935,2023,58.11
85936,2018,28.86
85936,2019,31.3
85936,2020,22.22
85936,2021,29.24
85936,2022,31.77
85936,2023,31.6
85937,2018,32.4
85937,2019,27.96
85937,2020,25.79
85937,2021,22.85
85937,2022,31.94
85937,2023,30.48
85938,2018,5.22
85938,2019,4.26
85938,2020,1.93
85938,2021,6.99
85938,2022,6.83
85938,2023,4.43
85939,2018,32.4
85939,2019,27.96
85939,2020,25.79
85939,2021,22.85
85939,2022,31.94
85939,2023,30.48
85940,2018,2.28
85940,2019,2.69
85940,2020,0.81
85940,2021,3.49
85940,2022,3.7
85940,2023,3.15
85941,2018,4.61
85941,2019,4.26
85941,2020,3.38
85941,2021,3.58
85941,2022,4.54
85941,2023,4.25
85942,2018,32.4
85942,2019,27.96
85942,2020,25.79
85942,2021,22.85
85942,2022,31.94
85942,2023,30.48
86001,2018,70.38
86001,2019,70.78
86001,2020,66.51
86001,2021,52.03
86001,2022,59.12
86001,2023,51.5
86002,2018,70.38
86002,2019,70.78
86002,2020,66.51
86002,2021,52.03
86002,2022,59.12
86002,2023,51.5
86003,2018,70.38
86003,2019,70.78
86003,2020,66.51
86003,2021,52.03
86003,2022,59.12
86003,2023,51.5
86004,2018,70.38
86004,2019,70.78
86004,2020,66.51
86004,2021,52.03
86004,2022,59.12
86004,2023,51.5
86005,2018,70.38
86005,2019,70.78
86005,2020,66.51
86005,2021,52.03
86005,2022,59.12
86005,2023,51.5
86011,2018,70.38
86011,2019,70.78
86011,2020,66.51
86011,2021,52.03
86011,2022,59.12
86011,2023,51.5
86015,2018,4.53
86015,2019,4.54
86015,2020,4.02
86015,2021,3.84
86015,2022,4.73
86015,2023,4.56
86016,2018,4.53
86016,2019,4.54
86016,2020,4.02
86016,2021,3.84
86016,2022,4.73
86016,2023,4.56
86017,2018,4.53
86017,2019,4.54
86017,2020,4.02
86017,2021,3.84
86017,2022,4.73
86017,2023,4.56
86018,2018,4.53
86018,2019,4.54
86018,2020,4.02
86018,2021,3.84
86018,2022,4.73
86018,2023,4.56
86020,2018,4.53
86020,2019,4.54
86020,2020,4.02
86020,2021,3.84
86020,2022,4.73
86020,2023,4.56
86021,2018,13.1
86021,2019,12.45
86021,2020,10.9
86021,2021,13.17
86021,2022,12.95
86021,2023,11.27
86022,2018,4.53
86022,2019,4.54
86022,2020,4.02
86022,2021,3.84
86022,2022,4.73
86022,2023,4.56
86023,2018,4.53
86023,2019,4.54
86023,2020,4.02
86023,2021,3.84
86023,2022,4.73
86023,2023,4.56
86024,2018,4.53
86024,2019,4.54
86024,2020,4.02
86024,2021,3.84
86024,2022,4.73
86024,2023,4.56
86025,2018,57.63
86025,2019,90.01
86025,2020,3.38
86025,2021,3.58
86025,2022,71.65
86025,2023,67.55
86028,2018,55.3
86028,2019,88.44
86028,2020,0.81
86028,2021,3.49
86028,2022,70.81
86028,2023,66.45
86029,2018,57.63
86029,2019,90.01
86029,2020,3.38
86029,2021,3.58
86029,2022,71.65
86029,2023,67.55
86030,2018,4.61
86030,2019,4.26
86030,2020,3.38
86030,2021,3.58
86030,2022,4.54
86030,2023,4.25
86031,2018,57.63
86031,2019,90.01
86031,2020,3.38
86031,2021,3.58
86031,2022,71.65
86031,2023,67.55
86032,2018,4.61
86032,2019,4.26
86032,2020,3.38
86032,2021,3.58
86032,2022,4.54
86032,2023,4.25
86033,2018,36.83
86033,2019,36.27
86033,2020,35.26
86033,2021,36.76
86033,2022,36.72
86033,2023,36.73
86034,2018,4.61
86034,2019,4.26
86034,2020,3.38
86034,2021,3.58
86034,2022,4.54
86034,2023,4.25
86035,2018,4.53
86035,2019,4.54
86035,2020,4.02
86035,2021,3.84
86035,2022,4.73
86035,2023,4.56
86036,2018,4.53
86036,2019,4.54
86036,2020,4.02
86036,2021,3.84
86036,2022,4.73
86036,2023,4.56
86038,2018,4.53
86038,2019,4.54
86038,2020,4.02
86038,2021,3.84
86038,2022,4.73
86038,2023,4.56
86039,2018,4.61
86039,2019,4.26
86039,2020,3.38
86039,2021,3.58
86039,2022,4.54
86039,2023,4.25
86040,2018,96.88
86040,2019,125.11
86040,2020,81.5
86040,2021,72.15
86040,2022,90.85
86040,2023,94.76
86042,2018,36.83
86042,2019,36.27
86042,2020,35.26
86042,2021,36.76
86042,2022,36.72
86042,2023,36.73
86043,2018,36.83
86043,2019,36.27
86043,2020,35.26
86043,2021,36.76
86043,2022,36.72
86043,2023,36.73
86044,2018,4.53
86044,2019,4.54
86044,2020,4.02
86044,2021,3.84
86044,2022,4.73
86044,2023,4.56
86045,2018,36.75
86045,2019,36.55
86045,2020,35.9
86045,2021,37.02
86045,2022,36.91
86045,2023,37.04
86046,2018,56.87
86046,2019,37.6
86046,2020,44.22
86046,2021,61.35
86046,2022,66.1
86046,2023,50.33
86047,2018,70.78
86047,2019,83.08
86047,2020,67.34
86047,2021,49.81
86047,2022,48.71
86047,2023,59.98
86052,2018,4.53
86052,2019,4.54
86052,2020,4.02
86052,2021,3.84
86052,2022,4.73
86052,2023,4.56
86053,2018,4.53
86053,2019,4.54
86053,2020,4.02
86053,2021,3.84
86053,2022,4.73
86053,2023,4.56
86054,2018,4.61
86054,2019,4.26
86054,2020,3.38
86054,2021,3.58
86054,2022,4.54
86054,2023,4.25
86301,2018,46.66
86301,2019,42.0
86301,2020,40.4
86301,2021,42.19
86301,2022,42.24
86301,2023,40.09
86302,2018,46.66
86302,2019,42.0
86302,2020,40.4
86302,2021,42.19
86302,2022,42.24
86302,2023,40.09
86303,2018,46.66
86303,2019,42.0
86303,2020,40.4
86303,2021,42.19
86303,2022,42.24
86303,2023,40.09
86304,2018,46.66
86304,2019,42.0
86304,2020,40.4
86304,2021,42.19
86304,2022,42.24
86304,2023,40.09
86305,2018,46.66
86305,2019,42.0
86305,2020,40.4
86305,2021,42.19
86305,2022,42.24
86305,2023,40.09
86312,2018,75.0
86312,2019,63.85
86312,2020,59.36
86312,2021,65.98
86312,2022,64.79
86312,2023,63.59
86313,2018,46.66
86313,2019,42.0
86313,2020,40.4
86313,2021,42.19
86313,2022,42.24
86313,2023,40.09
86314,2018,75.0
86314,2019,63.85
86314,2020,59.36
86314,2021,65.98
86314,2022,64.79
86314,2023,63.59
86315,2018,75.0
86315,2019,63.85
86315,2020,59.36
86315,2021,65.98
86315,2022,64.79
86315,2023,63.59
86320,2018,6.3
86320,2019,5.47
86320,2020,5.86
86320,2021,6.91
86320,2022,6.94
86320,2023,6.31
86321,2018,6.3
86321,2019,5.47
86321,2020,5.86
86321,2021,6.91
86321,2022,6.94
86321,2023,6.31
86322,2018,6.3
86322,2019,5.47
86322,2020,5.86
86322,2021,6.91
86322,2022,6.94
86322,2023,6.31
86323,2018,29.67
86323,2019,24.42
86323,2020,21.44
86323,2021,18.81
86323,2022,18.36
86323,2023,18.57
86324,2018,22.25
86324,2019,19.53
86324,2020,17.32
86324,2021,20.7
86324,2022,21.07
86324,2023,19.67
86325,2018,6.3
86325,2019,5.47
86325,2020,5.86
86325,2021,6.91
86325,2022,6.94
86325,2023,6.31
86326,2018,1146.08
86326,2019,2797.74
86326,2020,2600.14
86326,2021,2015.84
86326,2022,2633.51
86326,2023,2899.75
86327,2018,6.3
86327,2019,5.47
86327,2020,5.86
86327,2021,6.91
86327,2022,6.94
86327,2023,6.31
86329,2018,6.3
86329,2019,5.47
86329,2020,5.86
86329,2021,6.91
86329,2022,6.94
86329,2023,6.31
86331,2018,37.76
86331,2019,51.89
86331,2020,41.9
86331,2021,40.61
86331,2022,48.24
86331,2023,61.03
86332,2018,6.3
86332,2019,5.47
86332,2020,5.86
86332,2021,6.91
86332,2022,6.94
86332,2023,6.31
86333,2018,6.3
86333,2019,5.47
86333,2020,5.86
86333,2021,6.91
86333,2022,6.94
86333,2023,6.31
86334,2018,6.3
86334,2019,5.47
86334,2020,5.86
86334,2021,6.91
86334,2022,6.94
86334,2023,6.31
86335,2018,6.3
86335,2019,5.47
86335,2020,5.86
86335,2021,6.91
86335,2022,6.94
86335,2023,6.31
86336,2018,35.64
86336,2019,31.83
86336,2020,34.91
86336,2021,33.39
86336,2022,41.76
86336,2023,32.78
86337,2018,6.3
86337,2019,5.47
86337,2020,5.86
86337,2021,6.91
86337,2022,6.94
86337,2023,6.31
86338,2018,6.3
86338,2019,5.47
86338,2020,5.86
86338,2021,6.91
86338,2022,6.94
86338,2023,6.31
86339,2018,29.34
86339,2019,26.36
86339,2020,29.05
86339,2021,26.48
86339,2022,34.82
86339,2023,26.47
86340,2018,31.11
86340,2019,27.29
86340,2020,30.89
86340,2021,29.55
86340,2022,37.03
86340,2023,28.22
86341,2018,31.11
86341,2019,27.29
86341,2020,30.89
86341,2021,29.55
86341,2022,37.03
86341,2023,28.22
86342,2018,6.3
86342,2019,5.47
86342,2020,5.86
86342,2021,6.91
86342,2022,6.94
86342,2023,6.31
86343,2018,6.3
86343,2019,5.47
86343,2020,5.86
86343,2021,6.91
86343,2022,6.94
86343,2023,6.31
86351,2018,31.11
86351,2019,27.29
86351,2020,30.89
86351,2021,29.55
86351,2022,37.03
86351,2023,28.22
86401,2018,63.89
86401,2019,68.06
86401,2020,57.42
86401,2021,56.21
86401,2022,62.08
86401,2023,56.36
86402,2018,63.89
86402,2019,68.06
86402,2020,57.42
86402,2021,56.21
86402,2022,62.08
86402,2023,56.36
86403,2018,43.37
86403,2019,40.07
86403,2020,38.89
86403,2021,43.2
86403,2022,43.48
86403,2023,41.19
86404,2018,43.37
86404,2019,40.07
86404,2020,38.89
86404,2021,43.2
86404,2022,43.48
86404,2023,41.19
86405,2018,43.37
86405,2019,40.07
86405,2020,38.89
86405,2021,43.2
86405,2022,43.48
86405,2023,41.19
86406,2018,43.37
86406,2019,40.07
86406,2020,38.89
86406,2021,43.2
86406,2022,43.48
86406,2023,41.19
86409,2018,63.89
86409,2019,68.06
86409,2020,57.42
86409,2021,56.21
86409,2022,62.08
86409,2023,56.36
86411,2018,63.89
86411,2019,68.06
86411,2020,57.42
86411,2021,56.21
86411,2022,62.08
86411,2023,56.36
86412,2018,63.89
86412,2019,68.06
86412,2020,57.42
86412,2021,56.21
86412,2022,62.08
86412,2023,56.36
86413,2018,63.89
86413,2019,68.06
86413,2020,57.42
86413,2021,56.21
86413,2022,62.08
86413,2023,56.36
86426,2018,13.1
86426,2019,12.45
86426,2020,10.9
86426,2021,13.17
86426,2022,12.95
86426,2023,11.27
86427,2018,13.1
86427,2019,12.45
86427,2020,10.9
86427,2021,13.17
86427,2022,12.95
86427,2023,11.27
86429,2018,60.11
86429,2019,56.42
86429,2020,47.03
86429,2021,13.17
86429,2022,30.97
86429,2023,45.0
86430,2018,60.11
86430,2019,56.42
86430,2020,47.03
86430,2021,13.17
86430,2022,30.97
86430,2023,45.0
86431,2018,13.1
86431,2019,12.45
86431,2020,10.9
86431,2021,13.17
86431,2022,12.95
86431,2023,11.27
86432,2018,13.1
86432,2019,12.45
86432,2020,10.9
86432,2021,13.17
86432,2022,12.95
86432,2023,11.27
86433,2018,13.1
86433,2019,12.45
86433,2020,10.9
86433,2021,13.17
86433,2022,12.95
86433,2023,11.27
86434,2018,17.63
86434,2019,16.99
86434,2020,14.92
86434,2021,17.01
86434,2022,17.68
86434,2023,15.83
86435,2018,4.53
86435,2019,4.54
86435,2020,4.02
86435,2021,3.84
86435,2022,4.73
86435,2023,4.56
86436,2018,13.1
86436,2019,12.45
86436,2020,10.9
86436,2021,13.17
86436,2022,12.95
86436,2023,11.27
86437,2018,63.89
86437,2019,68.06
86437,2020,57.42
86437,2021,56.21
86437,2022,62.08
86437,2023,56.36
86438,2018,13.1
86438,2019,12.45
86438,2020,10.9
86438,2021,13.17
86438,2022,12.95
86438,2023,11.27
86439,2018,60.11
86439,2019,56.42
86439,2020,47.03
86439,2021,13.17
86439,2022,30.97
86439,2023,45.0
86440,2018,13.1
86440,2019,12.45
86440,2020,10.9
86440,2021,13.17
86440,2022,12.95
86440,2023,11.27
86441,2018,13.1
86441,2019,12.45
86441,2020,10.9
86441,2021,13.17
86441,2022,12.95
86441,2023,11.27
86442,2018,60.11
86442,2019,56.42
86442,2020,47.03
86442,2021,13.17
86442,2022,30.97
86442,2023,45.0
86443,2018,13.1
86443,2019,12.45
86443,2020,10.9
86443,2021,13.17
86443,2022,12.95
86443,2023,11.27
86444,2018,13.1
86444,2019,12.45
86444,2020,10.9
86444,2021,13.17
86444,2022,12.95
86444,2023,11.27
86445,2018,63.89
86445,2019,68.06
86445,2020,57.42
86445,2021,56.21
86445,2022,62.08
86445,2023,56.36
86446,2018,13.1
86446,2019,12.45
86446,2020,10.9
86446,2021,13.17
86446,2022,12.95
86446,2023,11.27
86502,2018,2.28
86502,2019,2.69
86502,2020,0.81
86502,2021,3.49
86502,2022,3.7
86502,2023,3.15
86503,2018,2.28
86503,2019,2.69
86503,2020,0.81
86503,2021,3.49
86503,2022,3.7
86503,2023,3.15
86504,2018,2.28
86504,2019,2.69
86504,2020,0.81
86504,2021,3.49
86504,2022,3.7
86504,2023,3.15
86505,2018,2.28
86505,2019,2.69
86505,2020,0.81
86505,2021,3.49
86505,2022,3.7
86505,2023,3.15
86506,2018,2.28
86506,2019,2.69
86506,2020,0.81
86506,2021,3.49
86506,2022,3.7
86506,2023,3.15
86507,2018,2.28
86507,2019,2.69
86507,2020,0.81
86507,2021,3.49
86507,2022,3.7
86507,2023,3.15
86508,2018,2.28
86508,2019,2.69
86508,2020,0.81
86508,2021,3.49
86508,2022,3.7
86508,2023,3.15
86510,2018,4.61
86510,2019,4.26
86510,2020,3.38
86510,2021,3.58
86510,2022,4.54
86510,2023,4.25
86511,2018,2.28
86511,2019,2.69
86511,2020,0.81
86511,2021,3.49
86511,2022,3.7
86511,2023,3.15
86512,2018,2.28
86512,2019,2.69
86512,2020,0.81
86512,2021,3.49
86512,2022,3.7
86512,2023,3.15
86514,2018,34.5
86514,2019,34.7
86514,2020,32.69
86514,2021,36.67
86514,2022,35.88
86514,2023,35.63
86515,2018,2.28
86515,2019,2.69
86515,2020,0.81
86515,2021,3.49
86515,2022,3.7
86515,2023,3.15
86520,2018,4.61
86520,2019,4.26
86520,2020,3.38
86520,2021,3.58
86520,2022,4.54
86520,2023,4.25
86535,2018,2.28
86535,2019,2.69
86535,2020,0.81
86535,2021,3.49
86535,2022,3.7
86535,2023,3.15
86538,2018,2.28
86538,2019,2.69
86538,2020,0.81
86538,2021,3.49
86538,2022,3.7
86538,2023,3.15
86540,2018,2.28
86540,2019,2.69
86540,2020,0.81
86540,2021,3.49
86540,2022,3.7
86540,2023,3.15
86544,2018,2.28
86544,2019,2.69
86544,2020,0.81
86544,2021,3.49
86544,2022,3.7
86544,2023,3.15
86545,2018,2.28
86545,2019,2.69
86545,2020,0.81
86545,2021,3.49
86545,2022,3.7
86545,2023,3.15
86547,2018,2.28
86547,2019,2.69
86547,2020,0.81
86547,2021,3.49
86547,2022,3.7
86547,2023,3.15
86556,2018,2.28
86556,2019,2.69
86556,2020,0.81
86556,2021,3.49
86556,2022,3.7
86556,2023,3.15
